index,timestamp_sec,latitude,longitude,altitude
0,1729151669.0686677,52.467445399999995,12.958718099999999,84.926
1,1729151670.0347657,52.4674462,12.9587255,84.94200000000001
2,1729151671.281502,52.4674471,12.9587332,84.934
3,1729151672.6526365,52.467447799999995,12.9587411,84.96000000000001
4,1729151673.908663,52.467448499999996,12.9587489,84.94800000000001
5,1729151675.278372,52.4674495,12.9587569,84.965
6,1729151676.531429,52.4674504,12.9587647,84.944
7,1729151677.8983996,52.4674511,12.9587726,84.96000000000001
8,1729151679.154599,52.467451999999994,12.9587802,84.977
9,1729151680.4036617,52.467452599999994,12.958787599999999,84.97500000000001
10,1729151681.6545062,52.4674534,12.958795,84.979
11,1729151682.9080524,52.4674543,12.9588026,84.997
12,1729151684.281961,52.467455,12.9588105,85.022
13,1729151685.5284452,52.4674559,12.958818299999999,85.021
14,1729151686.776734,52.4674568,12.958825599999999,85.028
15,1729151688.0376656,52.467457499999995,12.958833,85.054
16,1729151689.2800953,52.467458199999996,12.9588404,85.074
17,1729151690.5242841,52.467459,12.958848,85.06700000000001
18,1729151691.7770615,52.4674597,12.9588554,85.084
19,1729151693.0339944,52.4674607,12.9588631,85.10000000000001
20,1729151694.280296,52.4674616,12.9588705,85.114
21,1729151695.5296845,52.4674623,12.9588779,85.122
22,1729151696.909714,52.4674628,12.9588857,85.149
23,1729151698.0311656,52.467463599999995,12.958893,85.141
24,1729151699.2777886,52.4674646,12.9589003,85.169
25,1729151700.5297449,52.4674656,12.9589079,85.16
26,1729151701.902371,52.4674663,12.9589159,85.178
27,1729151703.154524,52.4674669,12.9589234,85.20100000000001
28,1729151704.404653,52.4674676,12.958930899999999,85.211
29,1729151705.6549187,52.467468499999995,12.9589387,85.21000000000001
30,1729151707.0304842,52.4674696,12.958946599999999,85.21000000000001
31,1729151708.2770035,52.467470299999995,12.958953999999999,85.233
32,1729151709.5280344,52.467470899999995,12.958961599999999,85.242
33,1729151710.776965,52.4674717,12.958969,85.259
34,1729151712.0330353,52.4674726,12.958976499999999,85.253
35,1729151713.2798045,52.467473399999996,12.958983799999999,85.276
36,1729151714.6496987,52.4674744,12.9589915,85.302
37,1729151716.928111,52.4674748,12.959000399999999,85.34700000000001
38,1729151718.03951,52.4674748,12.959014499999999,85.403
39,1729151720.5274496,52.4674706,12.9590172,85.34100000000001
40,1729151722.2829714,52.4674662,12.959014499999999,85.312
41,1729151723.9032354,52.4674627,12.959009799999999,85.179
42,1729151725.1515355,52.467456,12.9590106,85.264
43,1729151726.907657,52.4674518,12.959007399999999,85.271
44,1729151728.776938,52.4674505,12.958999799999999,85.276
45,1729151730.032411,52.4674494,12.958992199999999,85.232
46,1729151731.4074917,52.4674488,12.958984099999999,85.196
47,1729151732.7702312,52.467448999999995,12.9589764,85.214
48,1729151734.0338533,52.467448399999995,12.9589685,85.196
49,1729151735.2765846,52.467447199999995,12.9589609,85.21600000000001
50,1729151736.524794,52.4674461,12.9589535,85.186
51,1729151737.7745028,52.467445399999995,12.958946099999999,85.181
52,1729151739.0280988,52.467444699999994,12.9589387,85.175
53,1729151740.2765007,52.467444199999996,12.9589311,85.183
54,1729151741.5234342,52.467443599999996,12.958923599999999,85.175
55,1729151742.778451,52.4674428,12.958915999999999,85.157
56,1729151744.0314598,52.4674416,12.958908599999999,85.161
57,1729151745.2774863,52.4674408,12.9589009,85.135
58,1729151746.6519816,52.4674402,12.958892899999999,85.114
59,1729151747.9029028,52.4674397,12.958885299999999,85.10300000000001
60,1729151749.1509564,52.4674389,12.9588775,85.09
61,1729151750.4014747,52.467437999999994,12.9588699,85.078
62,1729151751.7773151,52.467436899999996,12.958861899999999,85.068
63,1729151753.0287716,52.467436199999995,12.9588545,85.049
64,1729151754.3936324,52.467435599999995,12.958846099999999,85.019
65,1729151755.7715638,52.4674348,12.958837899999999,85.008
66,1729151757.0276449,52.467433799999995,12.9588305,85.012
67,1729151758.2745755,52.467433,12.9588231,85.008
68,1729151759.519188,52.4674324,12.9588156,84.985
69,1729151760.771415,52.4674319,12.958808099999999,84.976
70,1729151762.028815,52.4674311,12.958800499999999,84.967
71,1729151763.274475,52.467430099999994,12.958793,84.952
72,1729151764.5238676,52.4674293,12.958785599999999,84.949
73,1729151765.7727864,52.4674287,12.9587782,84.943
74,1729151767.024395,52.467428,12.9587706,84.931
75,1729151768.2753315,52.467427199999996,12.958763099999999,84.926
76,1729151769.5231555,52.4674264,12.9587554,84.887
77,1729151770.7716694,52.4674255,12.9587481,84.895
78,1729151772.031564,52.4674249,12.958740599999999,84.873
79,1729151773.2699606,52.467424199999996,12.9587331,84.871
80,1729151774.5247722,52.4674233,12.958725699999999,84.865
81,1729151775.7755919,52.4674225,12.958718099999999,84.84700000000001
82,1729151777.030448,52.4674219,12.958710199999999,84.792
83,1729151778.405689,52.4674212,12.9587021,84.781
84,1729151779.650774,52.4674202,12.958694699999999,84.783
85,1729151780.9022474,52.467419299999996,12.958687099999999,84.76
86,1729151782.1528163,52.4674188,12.958679499999999,84.726
87,1729151783.401262,52.467417999999995,12.958672,84.70400000000001
88,1729151784.648962,52.4674173,12.958664599999999,84.684
89,1729151785.8921309,52.4674165,12.9586571,84.664
90,1729151787.149972,52.467415599999995,12.9586496,84.633
91,1729151788.4037342,52.467414899999994,12.958642,84.618
92,1729151789.6491299,52.4674142,12.958634499999999,84.599
93,1729151790.9001155,52.4674135,12.9586271,84.574
94,1729151792.1535432,52.4674128,12.958619599999999,84.561
95,1729151793.4010181,52.467411899999995,12.9586122,84.551
96,1729151794.6492121,52.4674111,12.9586045,84.515
97,1729151795.9016006,52.4674103,12.9585972,84.502
98,1729151797.153173,52.4674097,12.958589799999999,84.491
99,1729151798.4037573,52.467408999999996,12.9585821,84.47200000000001
100,1729151799.6521895,52.467408199999994,12.9585745,84.44200000000001
101,1729151800.8989103,52.4674074,12.958566999999999,84.435
102,1729151802.1473079,52.467406499999996,12.9585595,84.411
103,1729151803.3971722,52.467405799999995,12.958552,84.385
104,1729151804.647513,52.467405199999995,12.9585444,84.35600000000001
105,1729151805.8952894,52.4674044,12.958537,84.34700000000001
106,1729151807.1477892,52.4674037,12.958529599999999,84.336
107,1729151808.3907926,52.467402799999995,12.9585219,84.308
108,1729151809.646527,52.4674021,12.9585145,84.292
109,1729151811.0273035,52.4674013,12.9585066,84.291
110,1729151812.1516716,52.4674005,12.9584993,84.261
111,1729151813.3988657,52.4673999,12.9584919,84.253
112,1729151814.6463263,52.467399199999996,12.958484499999999,84.226
113,1729151815.8949099,52.4673983,12.958477,84.205
114,1729151817.1488717,52.4673975,12.9584695,84.184
115,1729151818.4017825,52.467396799999996,12.9584618,84.14
116,1729151819.6458988,52.467396,12.958454399999999,84.156
117,1729151820.8967967,52.4673952,12.9584469,84.132
118,1729151822.1510098,52.4673945,12.9584394,84.126
119,1729151823.399226,52.467393799999996,12.958431899999999,84.104
120,1729151824.6458716,52.467392999999994,12.9584244,84.062
121,1729151825.8977234,52.4673922,12.9584169,84.052
122,1729151827.1476169,52.4673915,12.9584093,84.032
123,1729151828.395683,52.4673908,12.9584017,84.017
124,1729151829.6487737,52.467389999999995,12.9583944,84.0
125,1729151830.8891933,52.4673892,12.958387,83.986
126,1729151832.1508634,52.4673885,12.9583792,83.95100000000001
127,1729151833.404841,52.467387699999996,12.9583718,83.918
128,1729151834.6479394,52.4673869,12.958364399999999,83.919
129,1729151835.9005022,52.4673861,12.958356799999999,83.877
130,1729151837.272399,52.4673855,12.9583487,83.859
131,1729151838.5234706,52.4673849,12.9583408,83.833
132,1729151839.7726505,52.467383999999996,12.9583335,83.828
133,1729151841.0299258,52.4673829,12.958326099999999,83.819
134,1729151842.2750077,52.467382099999995,12.958318499999999,83.781
135,1729151843.6633716,52.467381499999995,12.958310599999999,83.785
136,1729151844.9011157,52.467380899999995,12.958302999999999,83.769
137,1729151846.1552668,52.4673801,12.9582949,83.718
138,1729151847.5263295,52.467379199999996,12.9582872,83.71600000000001
139,1729151848.7732034,52.4673783,12.9582795,83.68900000000001
140,1729151850.03666,52.4673776,12.9582721,83.674
141,1729151851.2790031,52.4673768,12.9582648,83.676
142,1729151852.5221334,52.467376099999996,12.9582572,83.656
143,1729151853.7792165,52.4673756,12.9582496,83.627
144,1729151855.0348208,52.467374799999995,12.958242199999999,83.623
145,1729151856.2799277,52.4673739,12.9582347,83.608
146,1729151857.5300102,52.467373099999996,12.9582269,83.578
147,1729151858.9017956,52.4673721,12.958218899999999,83.557
148,1729151860.278569,52.467371299999996,12.9582108,83.56
149,1729151861.5254507,52.4673707,12.958203,83.532
150,1729151862.776643,52.4673702,12.9581956,83.517
151,1729151864.0385711,52.4673692,12.958188,83.495
152,1729151865.2809045,52.467368199999996,12.9581805,83.461
153,1729151866.5312135,52.467367599999996,12.9581731,83.44500000000001
154,1729151867.7766032,52.467366999999996,12.9581656,83.427
155,1729151869.0416458,52.4673665,12.9581582,83.43900000000001
156,1729151870.287151,52.4673654,12.958150499999999,83.401
157,1729151871.5421417,52.4673644,12.9581428,83.37
158,1729151875.1561885,52.467363999999996,12.958139099999999,83.308
